.metric,mean,sd
accuracy,0.7413333333333333,0.01788854381999834
f_meas,0.6929526106808054,0.06179544808076296
kap,0.46443566544508663,0.05340109281924931
mcc,0.4655755528699996,0.05313935755897782
pr_auc,0.764156332071493,0.09418555384411446
roc_auc,0.7815929756517992,0.04069939041836013
