.metric,mean,sd
accuracy,0.8477951635846372,0.0654724977118922
f_meas,0.8340089248912779,0.0729574616442932
kap,0.6936596296418749,0.12999471615392136
mcc,0.7010953651926339,0.12703455178480663
pr_auc,0.8664641179749571,0.10001107725972064
roc_auc,0.9094272951206,0.05571891805693424
