.metric,mean,sd
accuracy,0.7386666666666667,0.05465040408511785
f_meas,0.690474581830627,0.07600889070678096
kap,0.4580824989651802,0.10962239413707761
mcc,0.46053524784187133,0.11205119517903382
pr_auc,0.7694999161173353,0.07859415493358513
roc_auc,0.7827063774536893,0.03764488627895294
