.metric,mean,sd
accuracy,0.8316500711237553,0.0595583775888524
f_meas,0.8077171241281714,0.07763242891936807
kap,0.6558422852313524,0.12304667092416269
mcc,0.6583892148467848,0.12168708947973196
pr_auc,0.8716515760570981,0.07944848324112995
roc_auc,0.9049285021823721,0.048499482838338034
