.metric,mean,sd
accuracy,0.8212660028449502,0.051621290837718825
f_meas,0.8021749234335318,0.07153045817142753
kap,0.6378759659853318,0.10650148583643085
mcc,0.6449544782114316,0.10678313149132325
pr_auc,0.8218421273972902,0.12213210762988422
roc_auc,0.8930668209069912,0.0492730610407964
