.metric,mean,sd
accuracy,0.8426666666666667,0.028905977851571726
f_meas,0.8214601443332786,0.037000446993020235
kap,0.677540756143506,0.05629789359435766
mcc,0.6807887420868065,0.05517097784944516
pr_auc,0.8482868292864112,0.06836877852332106
roc_auc,0.892715238166851,0.027802801974958883
