.metric,mean,sd
accuracy,0.8293333333333334,0.06626545941220896
f_meas,0.8153028476899444,0.07638509520560156
kap,0.658543030297558,0.13040781102705387
mcc,0.6726392677090758,0.1258372197739191
pr_auc,0.8661283643938251,0.09149875002819874
roc_auc,0.9095738467312986,0.043653377851335315
