.metric,mean,sd
accuracy,0.7413333333333333,0.03346640106136302
f_meas,0.6977400837006037,0.03786327389239156
kap,0.47279563597136315,0.06625369533451367
mcc,0.4749766753986321,0.0649714935701175
pr_auc,0.6937058446901291,0.049496597937046076
roc_auc,0.7307108609547635,0.03616497809063827
