.metric,mean,sd
accuracy,0.76,0.024944382578492953
f_meas,0.6975376308573029,0.0493977127625288
kap,0.5011394286011943,0.059395321882679514
mcc,0.5086450546591933,0.05757194593291821
pr_auc,0.7983980947292154,0.04013984594468154
roc_auc,0.8176785830656799,0.017220229310012092
