.metric,mean,sd
accuracy,0.6933333333333334,0.06324555320336758
f_meas,0.6496888251178358,0.08879353658080635
kap,0.378770054236593,0.12680470071833821
mcc,0.382281765408235,0.12366167952586177
pr_auc,0.6798161001703225,0.154228779412256
roc_auc,0.7614490955051444,0.08182442751066839
