.metric,mean,sd
accuracy,0.8373333333333334,0.03451247761478611
f_meas,0.8237456114078437,0.02967059525444536
kap,0.6726021194817197,0.0674744688828398
mcc,0.6769529338833644,0.0643927506341104
pr_auc,0.8373734189463222,0.03902555913131841
roc_auc,0.8906835160265559,0.023010223328178894
