.metric,mean,sd
accuracy,0.8,0.05249338582674545
f_meas,0.7785733252673842,0.051189881418315056
kap,0.6025270143125547,0.09438797164698058
mcc,0.6179010822225963,0.08016326227223229
pr_auc,0.8431354951132999,0.05870279762071062
roc_auc,0.8899782581931502,0.04159155042620959
