.metric,mean,sd
accuracy,0.84,0.040000000000000015
f_meas,0.8193943019228357,0.056709527611499125
kap,0.6729846124543878,0.08086457385603378
mcc,0.6775351616274983,0.08338918781877494
pr_auc,0.8342334833852739,0.058810550010920094
roc_auc,0.8903521371102017,0.029009527410869963
