.metric,mean,sd
accuracy,0.8133333333333334,0.05577733510227172
f_meas,0.7932912635786651,0.06324988522727368
kap,0.622056403191913,0.11153917751781009
mcc,0.6290901791883405,0.10797719695003596
pr_auc,0.8428787750407831,0.0674870986448487
roc_auc,0.8915840327741117,0.04383160649763216
