.metric,mean,sd
accuracy,0.68,0.03651483716701106
f_meas,0.6423709726675828,0.05756782539635476
kap,0.35435849205245473,0.08286694185714345
mcc,0.3610579030149997,0.0896643209351022
pr_auc,0.5999400130546679,0.09767380778391815
roc_auc,0.7350249624927044,0.027876724429597998
