.metric,mean,sd
accuracy,0.8426666666666667,0.03451247761478612
f_meas,0.8232171457456795,0.05015533779399166
kap,0.6788112485795318,0.06899434028664816
mcc,0.6836711773150429,0.07104655161266975
pr_auc,0.8362713400425619,0.06047929303835073
roc_auc,0.892366958807819,0.028163941586618366
