.metric,mean,sd
accuracy,0.84,0.02108185106778921
f_meas,0.8244176159711296,0.023904770402375562
kap,0.6781140763129714,0.041930881795249286
mcc,0.6818404584701375,0.03992751413474979
pr_auc,0.8456688202717635,0.03002377809885805
roc_auc,0.891932788732812,0.010457210958393966
