.metric,mean,sd
accuracy,0.7626666666666666,0.05198290317231446
f_meas,0.6960804471788029,0.07932232446763866
kap,0.4987291128600264,0.10869840329488017
mcc,0.5069111325765779,0.11379364717185989
pr_auc,0.8005141941077729,0.09445465152075477
roc_auc,0.8250284279639118,0.0768106314224506
