.metric,mean,sd
accuracy,0.776,0.07740226812639996
f_meas,0.7812016832807608,0.08299707622766749
kap,0.5626280012625242,0.14468139969814345
mcc,0.5987895648215356,0.13467289010522018
pr_auc,0.7531899457271344,0.11949442455834772
roc_auc,0.8609788972319422,0.05821556671460686
