.metric,mean,sd
accuracy,0.7653333333333333,0.0438178046004133
f_meas,0.7270675642816518,0.040777836298135195
kap,0.523477798846923,0.08060925472387608
mcc,0.5308468898439261,0.0774871615220509
pr_auc,0.8004075311589158,0.09037918969739131
roc_auc,0.8539920865573664,0.04925418454735957
