.metric,mean,sd
accuracy,0.6719061166429587,0.0731972527548589
f_meas,0.5604707007967877,0.09456212996483392
kap,0.3110899662003671,0.1488964475397133
mcc,0.3281842381265933,0.15276388782235847
pr_auc,0.6716096121479821,0.09690355043070131
roc_auc,0.7260824588208489,0.062168801198428277
