.metric,mean,sd
accuracy,0.8105263157894737,0.05453563352720801
f_meas,0.7874008165037577,0.06246342046611332
kap,0.6163274864359516,0.1091054302911554
mcc,0.6241479730181239,0.10946582390552047
pr_auc,0.8120040653406801,0.07956014103157197
roc_auc,0.8761898071828412,0.034626646241389183
