.metric,mean,sd
accuracy,0.8133333333333334,0.05734883511361751
f_meas,0.7858086662196251,0.08816112931829145
kap,0.617590250812617,0.12618452749581172
mcc,0.6230844644227134,0.1253572783998912
pr_auc,0.824679812088216,0.06780906842542636
roc_auc,0.8850146673424631,0.030388943581179422
