.metric,mean,sd
accuracy,0.7891180654338549,0.05205521474479675
f_meas,0.7567788120032702,0.05198348706290695
kap,0.568610474269906,0.09929581054050379
mcc,0.5705581874737865,0.09905548073795067
pr_auc,0.8321684459202534,0.06231472573877785
roc_auc,0.8686493741037085,0.05104201540833753
