.metric,mean,sd
accuracy,0.7440967283072546,0.04699289799673956
f_meas,0.7531707031707032,0.05047666314748328
kap,0.4971579088164903,0.08638204176013675
mcc,0.5308710010007105,0.09053604240174813
pr_auc,0.7200895599847938,0.09468294221989042
roc_auc,0.8128794446008069,0.05479040646564601
