.metric,mean,sd
accuracy,0.8053333333333333,0.055457691581561164
f_meas,0.7854665173268167,0.055669545465518076
kap,0.613264082288475,0.10053970175729243
mcc,0.6277875859890603,0.08545962549783143
pr_auc,0.8430795544089513,0.05699071714081653
roc_auc,0.8893645034925656,0.039651661614272124
