.metric,mean,sd
accuracy,0.768,0.060809356005287356
f_meas,0.715377426762626,0.07385479105580678
kap,0.5170056750194267,0.12082913289974076
mcc,0.5214897327251448,0.12494680876917225
pr_auc,0.8108934549729616,0.0899220004809958
roc_auc,0.8408980921507803,0.08086680308862648
