.metric,mean,sd
accuracy,0.7413333333333334,0.044820630170590965
f_meas,0.695829522590086,0.05612476299685731
kap,0.47254079484299705,0.09247491346931716
mcc,0.48352917797434725,0.10043322652925142
pr_auc,0.7844954244400516,0.06917533253038355
roc_auc,0.7994450503060738,0.06385962785910865
