.metric,mean,sd
accuracy,0.7413333333333333,0.03346640106136302
f_meas,0.6977400837006037,0.03786327389239156
kap,0.47279563597136315,0.06625369533451367
mcc,0.4749766753986321,0.0649714935701175
pr_auc,0.6851989944069522,0.06403781393315375
roc_auc,0.7500250238098157,0.04890603419258742
