.metric,mean,sd
accuracy,0.5626666666666666,0.035777087639996624
f_meas,NA,NA
kap,0,0
mcc,NA,NA
pr_auc,0.7186666666666667,0.01788854381999834
roc_auc,0.5,0
