.metric,mean,sd
accuracy,0.84,0.029814239699997188
f_meas,0.8182487001023474,0.04735960589578621
kap,0.6722441947129469,0.06001199191964191
mcc,0.6765243041271206,0.062216109889694206
pr_auc,0.8374195049270325,0.07691052387549545
roc_auc,0.8896815924020225,0.029035398571446956
