.metric,mean,sd
accuracy,0.712,0.05042045440317074
f_meas,0.6486148320994056,0.047578078331770794
kap,0.40817549655711693,0.08930889028637143
mcc,0.4199945979134652,0.08726085898624403
pr_auc,0.6505254387844196,0.0897616961239343
roc_auc,0.6982663198978689,0.03851243763193796
