.metric,mean,sd
accuracy,0.7386666666666667,0.06296383441662717
f_meas,0.7003802204956088,0.08195302841338448
kap,0.47333089075329843,0.12559158230169754
mcc,0.48218683733668494,0.12159444470355923
pr_auc,0.7771906645818374,0.09707173754636664
roc_auc,0.8329986916237746,0.046303220137010714
