.metric,mean,sd
accuracy,0.7546666666666666,0.06706547381311624
f_meas,0.710832256185955,0.08688020361677683
kap,0.49819675354976906,0.13608950430643343
mcc,0.5038299954775773,0.13452735575469726
pr_auc,0.8011166443076994,0.10071698862764188
roc_auc,0.8482138242593694,0.06409096142971447
