.metric,mean,sd
accuracy,0.54900426742532,0.08179228427511459
f_meas,0.48274812195864825,0.1357002446557961
kap,0.08396925884942555,0.17775821229928981
mcc,0.08563235846807066,0.17857784403566745
pr_auc,0.5183702427331446,0.11258212608172055
roc_auc,0.5553451096547072,0.10380502491484093
