.metric,mean,sd
accuracy,0.8293333333333334,0.047516079149881214
f_meas,0.8045620909878569,0.04150910558052279
kap,0.6510309155187642,0.09016836654102653
mcc,0.6520430101486542,0.08978800528885685
pr_auc,0.8403736779549291,0.02134714036535543
roc_auc,0.8953861429559116,0.040446321552100185
