.metric,mean,sd
accuracy,0.7946666666666666,0.05625339495927729
f_meas,0.7479897660818713,0.08158591476828392
kap,0.5758096973278878,0.11909505495986963
mcc,0.5834054495798771,0.11417502183664095
pr_auc,0.826671705165013,0.07403637797296088
roc_auc,0.874760902180257,0.05309937815117532
