.metric,mean,sd
accuracy,0.8213333333333334,0.027648588471103644
f_meas,0.7977196972750532,0.02388491616614827
kap,0.6372346806018689,0.05110479453143258
mcc,0.6404692780359719,0.0498177501148081
pr_auc,0.8636387470330471,0.047803304892125746
roc_auc,0.8958163281507443,0.022746864121273254
