.metric,mean,sd
accuracy,0.8266666666666667,0.040000000000000036
f_meas,0.8019155844155844,0.05250127262238578
kap,0.6468957217858002,0.08266373428577485
mcc,0.6493734791786235,0.08171592070321103
pr_auc,0.8562976260398228,0.07705860627012145
roc_auc,0.8896944718771168,0.03277352025110755
