.metric,mean,sd
accuracy,0.7413333333333333,0.05857568703063678
f_meas,0.6866965680933195,0.07467579347571553
kap,0.4692642225598688,0.12286500231471724
mcc,0.4776397086046536,0.1280979122472422
pr_auc,0.7807534369156381,0.10115942989860831
roc_auc,0.8301153254583488,0.0610273981285283
