.metric,mean,sd
accuracy,0.7893333333333333,0.03319973226130327
f_meas,0.7523475104552987,0.05299868622666232
kap,0.5685747165650634,0.07061569426001343
mcc,0.5742698123012536,0.06856020788088986
pr_auc,0.8129023625376417,0.05657009634664847
roc_auc,0.8547172848972805,0.045422656411751396
