.metric,mean,sd
accuracy,0.8160000000000001,0.031832897030168866
f_meas,0.7886190933249757,0.04591148321526975
kap,0.6243663693607718,0.06709788985267494
mcc,0.6329926908649963,0.06554049087026609
pr_auc,0.8331017308789785,0.038106907839492485
roc_auc,0.8852869440440752,0.020823794019077784
