.metric,mean,sd
accuracy,0.8053333333333333,0.020221001184137482
f_meas,0.7788137371235963,0.03992294357002719
kap,0.6034682150113413,0.046162978449064945
mcc,0.6114941390361939,0.04770936735896394
pr_auc,0.837344162763332,0.028982319854832354
roc_auc,0.8844670743766477,0.022625082621778866
