.metric,mean,sd
accuracy,0.8240000000000001,0.02385139175999775
f_meas,0.8021641417194977,0.02115839712879112
kap,0.642288166150257,0.044247344694469025
mcc,0.6444205328995674,0.044612583333367324
pr_auc,0.8646251357466427,0.051672701086322805
roc_auc,0.8956776065037155,0.025201059542164218
