.metric,mean,sd
accuracy,0.832,0.040661201818605094
f_meas,0.8054199158373386,0.0532382780640251
kap,0.6563388283307892,0.0842069934017586
mcc,0.6576723255865018,0.08399357418899113
pr_auc,0.8570187966861315,0.07594979608531299
roc_auc,0.8913537160905047,0.030234131720133242
