.metric,mean,sd
accuracy,0.7386666666666667,0.05383101130183026
f_meas,0.6829465680933194,0.06770943034099892
kap,0.4635315444799254,0.11274357365505452
mcc,0.47185932293618155,0.11884233159976636
pr_auc,0.7803034473009491,0.10241658002616728
roc_auc,0.8287990956072351,0.06347379112826589
