.metric,mean,sd
accuracy,0.8213333333333334,0.011925695879998857
f_meas,0.7971822033898306,0.018374825460812202
kap,0.6349190674186104,0.019420230321560455
mcc,0.6368801320732235,0.02050567524936645
pr_auc,0.8673477357148233,0.05031555317477596
roc_auc,0.8959920708114857,0.02357788883497407
