SCN11A,SCN10A,SCN5A,SCN4A,SCN8A,SCN9A,SCN3A,SCN1A,SCN2A
0,0.1919558211885689,0.16901262179995147,0.34282485318281575,0.38671284927522376,0.35257733469744745,0.34282485318281575,0.45497419934543015,0.38671284927522376
0.1919558211885689,0,0.35257733469744745,0.34282485318281575,0.47431500286345035,0.45497419934543015,0.38671284927522376,0.35257733469744745,0.34282485318281575
0.16901262179995147,0.35257733469744745,0,0.4729597232825259,0.47431500286345035,0.45497419934543015,0.38671284927522376,0.35257733469744745,0.34282485318281575
0.34282485318281575,0.34282485318281575,0.4729597232825259,0,0.46722870040988235,0.4729597232825259,0.47431500286345035,0.45497419934543015,0.38671284927522376
0.38671284927522376,0.47431500286345035,0.47431500286345035,0.46722870040988235,0,0.35257733469744745,0.34282485318281575,0.4680669942795741,0.46722870040988235
0.35257733469744745,0.45497419934543015,0.45497419934543015,0.4729597232825259,0.35257733469744745,0,0.4729597232825259,0.47431500286345035,0.45497419934543015
0.34282485318281575,0.38671284927522376,0.38671284927522376,0.47431500286345035,0.34282485318281575,0.4729597232825259,0,0.38671284927522376,0.35257733469744745
0.45497419934543015,0.35257733469744745,0.35257733469744745,0.45497419934543015,0.4680669942795741,0.47431500286345035,0.38671284927522376,0,0.34282485318281575
0.38671284927522376,0.34282485318281575,0.34282485318281575,0.38671284927522376,0.46722870040988235,0.45497419934543015,0.35257733469744745,0.34282485318281575,0
