SCN11A,SCN10A,SCN5A,SCN4A,SCN8A,SCN9A,SCN3A,SCN1A,SCN2A
3,2.7543955568781313,2.759135792127836,2.4420281172482774,2.3230739554736943,2.412665290026254,2.44968639332919,2.1481193490963912,2.368862811174703
2.7543955568781313,3,2.4955693182787675,2.4926170925400863,2.00515433258502,2.0945856722636615,2.347063223556587,2.418616069662986,2.4633976271536104
2.759135792127836,2.4955693182787675,3,2.0266228103009265,2.0071746806163495,2.1003460262382343,2.3516847604626614,2.4073156598266787,2.4578342930126205
2.4420281172482774,2.4926170925400863,2.0266228103009265,3,2.03189721123168,2.0120938480567743,2.005124569468965,2.0673595210992946,2.329103923672128
2.3230739554736943,2.00515433258502,2.0071746806163495,2.03189721123168,3,2.449636560771462,2.479348560495993,2.021873706483257,2.027540913279693
2.412665290026254,2.0945856722636615,2.1003460262382343,2.0120938480567743,2.449636560771462,3,2.010718353554678,1.9877453071395565,2.0738567416990614
2.44968639332919,2.347063223556587,2.3516847604626614,2.005124569468965,2.479348560495993,2.010718353554678,3,2.3254407789149276,2.442605191803032
2.1481193490963912,2.418616069662986,2.4073156598266787,2.0673595210992946,2.021873706483257,1.9877453071395565,2.3254407789149276,3,2.4894261220714107
2.368862811174703,2.4633976271536104,2.4578342930126205,2.329103923672128,2.027540913279693,2.0738567416990614,2.442605191803032,2.4894261220714107,3
