SCN11A,SCN10A,SCN5A,SCN4A,SCN8A,SCN9A,SCN3A,SCN1A,SCN2A
5,4.754785268480189,4.760338859311227,4.44329628965303,4.3238464742442595,4.413768585480228,4.4503261052232785,4.1486921093906,4.368980423952415
4.754785268480189,5,4.495106568200082,4.492095043298509,4.0048324216638,4.0941330406700605,4.346803865002274,4.418345873553736,4.463334059269818
4.760338859311227,4.495106568200082,5,4.025778464796004,4.006687369864314,4.099600423149485,4.351230185692974,4.407175583954809,4.457861430576326
4.44329628965303,4.492095043298509,4.025778464796004,5,4.031692093405608,4.011704913075431,4.004856238919554,4.0676347770873775,4.329268694387355
4.3238464742442595,4.0048324216638,4.006687369864314,4.031692093405608,5,4.449444083682809,4.479208700648753,4.022088771769823,4.027656546735644
4.413768585480228,4.0941330406700605,4.099600423149485,4.011704913075431,4.449444083682809,5,4.010475322322056,3.987965559534507,4.073993907103705
4.4503261052232785,4.346803865002274,4.351230185692974,4.004856238919554,4.479208700648753,4.010475322322056,5,4.325529781530335,4.442672272589377
4.1486921093906,4.418345873553736,4.407175583954809,4.0676347770873775,4.022088771769823,3.987965559534507,4.325529781530335,5,4.489636309542166
4.368980423952415,4.463334059269818,4.457861430576326,4.329268694387355,4.027656546735644,4.073993907103705,4.442672272589377,4.489636309542166,5
