SCN11A,SCN10A,SCN5A,SCN4A,SCN8A,SCN9A,SCN3A,SCN1A,SCN2A
2,1.7538036644648625,1.7572380035081554,1.4399776009908545,1.3218157274302487,1.4108816825704034,1.448655868448078,1.147144710516917,1.3686459255452845
1.7538036644648625,2,1.4963029159001133,1.4934613408670183,1.0056780667186,1.0953177630501085,1.3474816103317164,1.419067614887039,1.4635089920729052
1.7572380035081554,1.4963029159001133,2,1.0280047890223976,1.0079776968245533,1.1015661131149395,1.3524262339443744,1.407574423711785,1.4578058223536035
1.4399776009908545,1.4934613408670183,1.0280047890223976,2,1.0322483956776893,1.0127477460645091,1.005572075314697,1.0669382861528773,1.32884591186074
1.3218157274302487,1.0056780667186,1.0079776968245533,1.0322483956776893,2,1.4499647378373803,1.4795842668266443,1.021538149080922,1.0273575982368366
1.4108816825704034,1.0953177630501085,1.1015661131149395,1.0127477460645091,1.4499647378373803,2,1.0111231571205654,0.9874097127704184,1.073642304334361
1.448655868448078,1.3474816103317164,1.3524262339443744,1.005572075314697,1.4795842668266443,1.0111231571205654,2,1.3253094243923496,1.442501573455564
1.147144710516917,1.419067614887039,1.407574423711785,1.0669382861528773,1.021538149080922,0.9874097127704184,1.3253094243923496,2,1.4890823863792688
1.3686459255452845,1.4635089920729052,1.4578058223536035,1.32884591186074,1.0273575982368366,1.073642304334361,1.442501573455564,1.4890823863792688,2
