SCN11A,SCN10A,SCN5A,SCN4A,SCN8A,SCN9A,SCN3A,SCN1A,SCN2A
100,99.7552364677543,99.7617046595075,99.4447094095074,99.32469999997168,99.41499739749288,99.45103795213471,99.14929882234154,99.36909121468163
99.7552364677543,100,99.49457774702022,99.49150970262612,99.0044728072418,99.09362543898743,99.34651204144096,99.4180493436031,99.4632660559045
99.7617046595075,99.49457774702022,100,99.02484078544654,99.00614827431781,99.09877200046097,99.35072314603366,99.40703342238518,99.45789762860464
99.4447094095074,99.49150970262612,99.02484078544654,100,99.0314731602419,99.01128324768345,99.00456329539989,99.06795495242633,99.3294572000277
99.32469999997168,99.0044728072418,99.00614827431781,99.0314731602419,100,99.44923786535063,99.47905734013534,99.0223353984223,99.02778771306731
99.41499739749288,99.09362543898743,99.09877200046097,99.01128324768345,99.44923786535063,100,99.01020969007422,98.98822232769135,99.07415093490589
99.45103795213471,99.34651204144096,99.35072314603366,99.00456329539989,99.47905734013534,99.01020969007422,100,99.32563523150668,99.44274954366948
99.14929882234154,99.4180493436031,99.40703342238518,99.06795495242633,99.0223353984223,98.98822232769135,99.32563523150668,100,99.48986875110715
99.36909121468163,99.4632660559045,99.45789762860464,99.3294572000277,99.02778771306731,99.07415093490589,99.44274954366948,99.48986875110715,100
