SCN11A,SCN10A,SCN5A,SCN4A,SCN8A,SCN9A,SCN3A,SCN1A,SCN2A
1,0.7510142383689687,0.7460279587187687,0.426325218714831,0.31318656738907513,0.3990216583097019,0.4419126911927888,0.13924552234645002,0.3664274624021885
0.7510142383689687,1,0.5007723721211588,0.49911673833184195,0.009273824394152877,0.10022271182499023,0.35025369333227685,0.42252255877934186,0.464509081984375
0.7460279587187687,0.5007723721211588,1,0.03779264125056524,0.013823326148130732,0.11019748826541333,0.35760295953710075,0.41029595838462213,0.45809155606460483
0.426325218714831,0.49911673833184195,0.03779264125056524,1,0.03523690069335884,0.017940558584519848,0.009013862021806863,0.0648939705463103,0.327401675062035
0.31318656738907513,0.009273824394152877,0.013823326148130732,0.03523690069335884,1,0.4527162418937568,0.4814740774718981,0.019711355045064785,0.026265934751348526
0.3990216583097019,0.10022271182499023,0.11019748826541333,0.017940558584519848,0.4527162418937568,1,0.01422075072998874,-0.014164686988665106,0.07245507273476147
0.4419126911927888,0.35025369333227685,0.35760295953710075,0.009013862021806863,0.4814740774718981,0.01422075072998874,1,0.3248364170977196,0.4419677346908821
0.13924552234645002,0.42252255877934186,0.41029595838462213,0.0648939705463103,0.019711355045064785,-0.014164686988665106,0.3248364170977196,1,0.4867039337019238
0.3664274624021885,0.464509081984375,0.45809155606460483,0.327401675062035,0.026265934751348526,0.07245507273476147,0.4419677346908821,0.4867039337019238,1
