.metric,mean,sd
accuracy,0.8050493624023036,0.0792989289734366
f_meas,0.7983483183483183,0.07976745332902926
kap,0.6103366942142897,0.15714481710765937
mcc,0.6167295997530009,0.1569448052306738
