.metric,mean,sd
accuracy,0.8084795682473701,0.07405055462045368
f_meas,0.7858208784679372,0.08646889220861448
kap,0.6107260656480502,0.14830222766662832
mcc,0.6265989015410576,0.14904800693766773
