.metric,mean,sd
accuracy,0.17090883393514972,0.06501008085547001
f_meas,0.295959611304476,0.08542768687460699
kap,0.09562582180085497,0.03978282372295413
mcc,0.2216156198158562,0.05818310112576518
sens,0.17481147163809702,0.06834415756105122
spec,0.7236362779783833,0.021670026951823327
