.metric,mean,sd
accuracy,0.8027027027027027,0.04001261750227601
f_meas,0.777677981247961,0.049568507407540624
kap,0.5990826242684106,0.08017145892827861
mcc,0.6035350576392272,0.07965685044072641
pr_auc,0.8261759497050845,0.08474777398584862
roc_auc,0.8813996516469427,0.026004681776892795
