.metric,mean,sd
accuracy,0.8001422475106685,0.04657504904042293
f_meas,0.7655241899694069,0.044807520496598946
kap,0.5908878102025029,0.0896869765925621
mcc,0.5985710516109133,0.09256121026887552
pr_auc,0.8481037764002705,0.06723502062654864
roc_auc,0.8663744197838625,0.05823290244346107
