.metric,mean,sd
accuracy,0.8238264580369844,0.047792541059407806
f_meas,0.7987225331962173,0.054817686558321116
kap,0.6405156025226081,0.0954970980444024
mcc,0.6439720022248443,0.09529794298095624
pr_auc,0.8558210089249766,0.10404235952428174
roc_auc,0.886736066994581,0.05799564795824818
