.metric,mean,sd
accuracy,0.8238264580369844,0.05805008614746708
f_meas,0.7983274001656354,0.0645067908912174
kap,0.6409409261032001,0.11539718133538823
mcc,0.6450536070534836,0.11374925390406758
pr_auc,0.858384135292323,0.10076186820775368
roc_auc,0.8880063561309691,0.0576385605871092
