.metric,mean,sd
accuracy,0.7601706970128023,0.059020623698234076
f_meas,0.7107215326376407,0.06719074126122254
kap,0.5035726892641712,0.11827581516256659
mcc,0.5099908109870541,0.1217414348096723
pr_auc,0.822481311483463,0.07612422749281006
roc_auc,0.8466833505331958,0.05981319837948914
