.metric,mean,sd
accuracy,0.8266002844950213,0.06307268809994825
f_meas,0.806050059645885,0.07042122581920689
kap,0.6491146067096688,0.12524119565622613
mcc,0.6539433451780442,0.12444479235661453
pr_auc,0.8536072777271947,0.11085049194231625
roc_auc,0.8973681396003377,0.05820819102572095
