.metric,mean,sd
accuracy,0.7997155049786628,0.04528919881481417
f_meas,0.7704619433295904,0.05776588877035574
kap,0.590463963147846,0.09296667925831631
mcc,0.594747822767894,0.0929268082743261
pr_auc,0.828598773716069,0.08641426283665217
roc_auc,0.8821767654430193,0.03459638214394751
