.metric,mean,sd
accuracy,0.8104551920341394,0.04847356278240055
f_meas,0.7819376315950769,0.05380336004620065
kap,0.6147552202844142,0.09495583667310653
mcc,0.6211454203432291,0.0936842449079398
pr_auc,0.8451423212539044,0.11149472521150816
roc_auc,0.8916081798748208,0.05354580170442392
