.metric,mean,sd
accuracy,0.8131578947368421,0.052194101072374044
f_meas,0.7854645995670164,0.059688789017027594
kap,0.620949504341858,0.10328427308575805
mcc,0.6282521018586729,0.10106299291379305
pr_auc,0.8480318896419906,0.11416278036727844
roc_auc,0.8929008215726482,0.05611765585307533
