.metric,mean,sd
accuracy,0.77574679943101,0.06167345113677482
f_meas,0.7631940557017957,0.07070467846249034
kap,0.5507028784858473,0.11979908312256306
mcc,0.5618874907847602,0.12103506454174953
pr_auc,0.8333214917209816,0.09231992380405835
roc_auc,0.876999963143152,0.052239470273490476
