.metric,mean,sd
accuracy,0.8029160739687056,0.05669658359402174
f_meas,0.7735452046752185,0.05759805055103081
kap,0.5993010859008103,0.10925222608839613
mcc,0.6050804509360372,0.10740357288338598
pr_auc,0.8394881958657778,0.09286324640138201
roc_auc,0.8826311048342782,0.03637299217077674
