.metric,mean,sd
accuracy,0.7547652916073969,0.05770314488062056
f_meas,0.7032349016215979,0.06255300237947195
kap,0.492578851497561,0.11405839260747913
mcc,0.4997099911413025,0.11824920301296962
pr_auc,0.8224581378964948,0.07542371805526632
roc_auc,0.8458418494989702,0.0604398946753908
