.metric,mean,sd
accuracy,0.8212660028449502,0.05917493594302119
f_meas,0.7988019759475011,0.07255412792279511
kap,0.6384780114316927,0.1201128098258142
mcc,0.6457347414762434,0.12003588677562807
pr_auc,0.8632030030700114,0.08636259281964764
roc_auc,0.8926199913777313,0.056913118160411294
