.metric,mean,sd
accuracy,0.6585708866761498,0.0484687451141779
f_meas,0.6072945829856927,0.050565824614374116
kap,0.30561271458503136,0.09600761756477494
mcc,0.3069857445139573,0.0973577149986123
pr_auc,0.6386068691109054,0.08543409101638803
roc_auc,0.7218598988221081,0.0609825053128024
sens,0.6034090909090909,0.05873655405596369
spec,0.7015503875968992,0.06979600041273211
