.metric,mean,sd
accuracy,0.8051209103840683,0.05220481488228069
f_meas,0.7844464236848138,0.06860049726115579
kap,0.6053450951072347,0.10470200789726203
mcc,0.6113160799156164,0.10197170872488807
pr_auc,0.8380880576954902,0.09739233554556087
roc_auc,0.8844679630225296,0.04242502322601828
