.metric,mean,sd
accuracy,0.8130156472261736,0.05815398237829938
f_meas,0.7927847467290191,0.07391469580083943
kap,0.6212284862114805,0.11686084456971302
mcc,0.6269207752926801,0.11337185354825594
pr_auc,0.8422728014582651,0.09528825797739392
roc_auc,0.8866085355992477,0.041183446737647914
