.metric,mean,sd
accuracy,0.8130156472261736,0.05815398237829938
f_meas,0.7927847467290191,0.07391469580083943
kap,0.6212284862114805,0.11686084456971302
mcc,0.6269207752926801,0.11337185354825594
pr_auc,0.8420129521481707,0.0952768444047844
roc_auc,0.886316137938429,0.04154332985267234
