.metric,mean,sd
accuracy,0.13627814290972184,0.020742582018887637
f_meas,0.24118121495315753,0.031361706917758234
kap,0.07304146945400743,0.011101032345967238
mcc,0.19561204368986523,0.015010970015790619
sens,0.13797331829137574,0.0196916584210354
spec,0.7120927143032406,0.006914194006295887
