.metric,mean,sd
accuracy,0.8186666666666667,0.05383101130183024
f_meas,0.8087095196259364,0.061618706695417406
kap,0.6376225072643973,0.1039180291549136
mcc,0.6527948082238668,0.09194675215866618
pr_auc,0.833573470953551,0.10674588813722441
roc_auc,0.8882716763303932,0.03394506299523944
