.metric,mean,sd
accuracy,0.8346666666666667,0.046761807778000465
f_meas,0.824986803989253,0.0466631403085212
kap,0.6690711063814456,0.09030120041637262
mcc,0.6805749987990136,0.0868841394415432
pr_auc,0.8319079281507101,0.06461043877044094
roc_auc,0.8888645005765987,0.042489282284405835
