.metric,mean,sd
accuracy,0.7762446657183499,0.051001458084801256
f_meas,0.7876522489553764,0.05202881642952339
kap,0.5603568173338993,0.09490259768136088
mcc,0.6022632392217443,0.093552378162820915
pr_auc,0.8228896036648801,0.1064689783274418
roc_auc,0.8779475415365509,0.05237566527863043
