.metric,mean,sd
accuracy,0.7440967283072546,0.04699289799673956
f_meas,0.7531707031707032,0.05047666314748328
kap,0.4971579088164903,0.08638204176013675
mcc,0.5308710010007105,0.09053604240174813
pr_auc,0.7200205524520732,0.098464732209686
roc_auc,0.8137350182497242,0.05533021968735335
