.metric,mean,sd
accuracy,0.8531294452347084,0.05125655257476589
f_meas,0.8386959987246931,0.05883987042578359
kap,0.70390425728326,0.10208582954203385
mcc,0.7107631206952126,0.0979132418808544
pr_auc,0.8744256904354597,0.10886081235316515
roc_auc,0.9103736513744254,0.07020938162411913
