.metric,mean,sd
accuracy,0.832,0.041739935579996064
f_meas,0.8163702239789196,0.046393897413377204
kap,0.6643035907771628,0.07990539227510002
mcc,0.6739817833061961,0.07051304977264185
pr_auc,0.8432460299217085,0.05006157521651858
roc_auc,0.8992933991721282,0.023937367604483357
