.metric,mean,sd
accuracy,0.8373333333333334,0.04044200236827494
f_meas,0.8218683612922131,0.04639875910236427
kap,0.6747795929128056,0.07713635432675409
mcc,0.6841063167207787,0.06591006276016084
pr_auc,0.844433352061916,0.050450949487989866
roc_auc,0.8998810531917493,0.025080326697506247
