.metric,mean,sd
accuracy,0.832,0.04279148409568324
f_meas,0.8162801860343573,0.04774852121721912
kap,0.6642997752077432,0.0821216292763696
mcc,0.6740610136885415,0.0728578191090801
pr_auc,0.8439086623581922,0.05291338243025799
roc_auc,0.9002894065348589,0.025030656152648385
