.metric,mean,sd
accuracy,0.832,0.04279148409568324
f_meas,0.8162801860343573,0.04774852121721912
kap,0.6642997752077432,0.0821216292763696
mcc,0.6740610136885415,0.0728578191090801
pr_auc,0.8441105816688071,0.05320117225793616
roc_auc,0.9004316540455275,0.02505385152381645
