.metric,mean,sd
accuracy,0.832,0.041739935579996064
f_meas,0.8163702239789196,0.046393897413377204
kap,0.6643035907771628,0.07990539227510002
mcc,0.6739817833061961,0.07051304977264185
pr_auc,0.8428698293215897,0.05086603563964693
roc_auc,0.8991617847547996,0.024692731695162715
