.metric,mean,sd
accuracy,0.8106666666666666,0.03183289703016889
f_meas,0.7957203922507272,0.03643066711093128
kap,0.6190753415979969,0.06469890348490932
mcc,0.6253504757820415,0.06354138669682283
pr_auc,0.8373575336638563,0.07381341534894535
roc_auc,0.8887212105605219,0.028775168566962973
