metric,value
Balanced_Accuracy,0.6383928571428572
Sens,0.56
Spec,0.71
AUC,0.8273809523809523
Precision,0.6
Recall,0.5625
F1,0.5806451612903225
prAUC,0.7936898568884079
Kappa,0.2788605697151425
MCC,0.2792906134356233
