.metric,mean,sd
accuracy,0.7413940256045519,0.05833323577475783
f_meas,0.6943540875087559,0.0754822652373923
kap,0.46623075882792847,0.11241582129588952
mcc,0.4737137100541844,0.11375820218207182
pr_auc,0.7931194623534301,0.08049077555163317
roc_auc,0.8000717431900296,0.0795025404824135
