.metric,mean,sd
accuracy,0.6796586059743954,0.07953305262761677
f_meas,0.6378739372580836,0.08160680506086893
kap,0.34090082625535506,0.1530128123846428
mcc,0.34477062717040713,0.15654326341859587
pr_auc,0.6247552778882286,0.1049934122575349
roc_auc,0.7391179484056722,0.06209267558933677
