.metric,mean,sd
accuracy,0.7706258890469417,0.062110447985229016
f_meas,0.7392712473053773,0.0840556857100371
kap,0.5286896774265527,0.12258265183627211
mcc,0.5359498013310713,0.12477744644782833
pr_auc,0.7970674182286346,0.09562465137655066
roc_auc,0.8260602084758095,0.06737087994767021
