.metric,mean,sd
accuracy,0.8533333333333334,0.016329931618554536
f_meas,0.8381437059317457,0.02777428133869012
kap,0.7054368192864725,0.031323780789975504
mcc,0.7154333295635459,0.017871716161084576
pr_auc,0.8576442242699356,0.0580232135455322
roc_auc,0.9121770615100715,0.024588432336098757
