.metric,mean,sd
accuracy,0.8133333333333334,0.04714045207910316
f_meas,0.8050067702736938,0.053376824265318305
kap,0.631319657566809,0.0888139211770781
mcc,0.6475319445802911,0.07724761601400026
pr_auc,0.8419823868481275,0.09558546484440066
roc_auc,0.9004700151433923,0.036309784377531795
