.metric,mean,sd
accuracy,0.8426666666666667,0.028905977851571733
f_meas,0.8249205558723544,0.040862916718789076
kap,0.6833916655013087,0.055824310654366854
mcc,0.6912778644116767,0.04343227240900135
pr_auc,0.8469677789769069,0.05035692954777227
roc_auc,0.9027646500724357,0.026694333926109804
