.metric,mean,sd
accuracy,0.7813333333333333,0.05299895177160477
f_meas,0.7935441372399331,0.044580167915324286
kap,0.5763391039059464,0.09679074422247656
mcc,0.6158282971949531,0.08860434659399077
pr_auc,0.8153391916804956,0.07594002841988114
roc_auc,0.8767208084818692,0.042644475732287385
