.metric,mean,sd
accuracy,0.8426666666666667,0.035777087639996624
f_meas,0.8281287078934138,0.0504785615370206
kap,0.6811880372516826,0.07658159669060662
mcc,0.6880609712310201,0.0779097260298004
pr_auc,0.865342762760705,0.0528437527570211
roc_auc,0.9117558546372516,0.031786195845967265
