.metric,mean,sd
accuracy,0.8426666666666667,0.03818085616873691
f_meas,0.8319687637172026,0.029247235658394516
kap,0.684451734265387,0.07170255121072208
mcc,0.6905906051462611,0.06924256694443365
pr_auc,0.8800936717744702,0.045792166318799676
roc_auc,0.9152948136853932,0.017351320399745046
